"ID","Comentarios","usuario"
"OPP-123-4567","Ejemplo","qw"
"OPP-2001-136642","sadsad","qw"
"OPP-2001-136647","243b    afsdf","qw"
"OPP-2001-136749","Cada paso es hacia adlante","qw"
"OPP-2001-136750","abc","qw"
"OPP-2001-136752","casi ya queda esto","qw"
"OPP-2001-136751","otro intento adicional","qw"
"OPP-2001-136797","Elefante rosa grande y gordo poeque comio mucho y estaba descansando","qw"
"OPP-1912-130731","Edificio Negro","am"
"OPP-2001-137376","Verde fuerte porque no estan listos todas las áreas ","am"
"OPP-1907-126273","Elefante rosa grande y gordo poeque comio mucho y estaba descansando","qw"
